-- phpMyAdmin SQL Dump
-- version 5.2.1
-- https://www.phpmyadmin.net/
--
-- Host: 127.0.0.1
-- Generation Time: Jan 04, 2025 at 01:17 PM
-- Server version: 10.4.28-MariaDB
-- PHP Version: 8.2.4

SET SQL_MODE = "NO_AUTO_VALUE_ON_ZERO";
START TRANSACTION;
SET time_zone = "+00:00";


/*!40101 SET @OLD_CHARACTER_SET_CLIENT=@@CHARACTER_SET_CLIENT */;
/*!40101 SET @OLD_CHARACTER_SET_RESULTS=@@CHARACTER_SET_RESULTS */;
/*!40101 SET @OLD_COLLATION_CONNECTION=@@COLLATION_CONNECTION */;
/*!40101 SET NAMES utf8mb4 */;

--
-- Database: `data_engineering`
--

-- --------------------------------------------------------

--
-- Table structure for table `orderproducts`
--

CREATE TABLE IF NOT EXISTS `orderproducts` (
  `id` int(11) NOT NULL AUTO_INCREMENT,
  `quantity` int(6) NOT NULL,
  `product_id` int(11) NOT NULL,
  `order_id` int(11) NOT NULL,
  `created_at` timestamp NOT NULL DEFAULT current_timestamp(),
  PRIMARY KEY (`id`),
  KEY `product_id_index` (`product_id`),
  KEY `order_id_index` (`order_id`)
) ENGINE=InnoDB AUTO_INCREMENT=205 DEFAULT CHARSET=utf8mb4 COLLATE=utf8mb4_general_ci;

--
-- Dumping data for table `orderproducts`
--

INSERT INTO `orderproducts` (`id`, `quantity`, `product_id`, `order_id`, `created_at`) VALUES
(1, 3, 50, 1, '2025-01-01 11:32:06'),
(2, 1, 39, 1, '2025-01-01 17:05:58'),
(3, 2, 23, 1, '2025-01-01 06:23:33'),
(4, 5, 24, 2, '2025-01-01 08:09:50'),
(5, 5, 99, 3, '2025-01-01 01:08:31'),
(6, 3, 94, 3, '2025-01-01 08:43:08'),
(7, 5, 55, 3, '2025-01-01 19:40:06'),
(8, 1, 76, 3, '2025-01-01 03:41:08'),
(9, 5, 39, 4, '2025-01-01 10:55:23'),
(10, 3, 16, 4, '2024-12-31 23:03:30'),
(11, 2, 80, 5, '2025-01-01 14:01:21'),
(12, 5, 52, 5, '2025-01-01 04:26:18'),
(13, 1, 36, 6, '2025-01-01 07:37:25'),
(14, 1, 7, 7, '2025-01-01 04:18:13'),
(15, 1, 93, 7, '2025-01-01 02:08:48'),
(16, 5, 60, 8, '2025-01-01 01:19:24'),
(17, 4, 75, 8, '2025-01-01 03:40:36'),
(18, 2, 48, 8, '2025-01-01 17:54:50'),
(19, 1, 15, 8, '2025-01-01 10:02:21'),
(20, 2, 37, 9, '2024-12-31 23:57:17'),
(21, 3, 94, 9, '2024-12-31 21:09:23'),
(22, 1, 91, 9, '2025-01-01 13:25:04'),
(23, 1, 51, 10, '2025-01-01 07:07:13'),
(24, 3, 3, 11, '2024-12-31 22:50:53'),
(25, 3, 73, 11, '2025-01-01 00:22:44'),
(26, 4, 29, 11, '2025-01-01 08:51:03'),
(27, 4, 11, 11, '2024-12-31 22:37:04'),
(28, 2, 65, 11, '2025-01-01 18:02:11'),
(29, 2, 36, 11, '2025-01-01 01:49:44'),
(30, 3, 20, 12, '2025-01-01 06:32:05'),
(31, 2, 56, 12, '2025-01-01 06:41:16'),
(32, 3, 38, 12, '2025-01-01 17:20:05'),
(33, 2, 6, 12, '2024-12-31 22:06:38'),
(34, 3, 88, 12, '2025-01-01 14:02:53'),
(35, 1, 64, 12, '2025-01-01 07:24:33'),
(36, 3, 40, 13, '2024-12-31 22:24:06'),
(37, 5, 42, 13, '2024-12-31 21:16:53'),
(38, 5, 49, 14, '2025-01-01 18:42:05'),
(39, 5, 76, 14, '2025-01-01 09:09:50'),
(40, 1, 54, 14, '2025-01-01 17:12:52'),
(41, 3, 35, 14, '2025-01-01 14:04:53'),
(42, 3, 39, 15, '2024-12-31 22:15:48'),
(43, 4, 78, 15, '2025-01-01 00:34:21'),
(44, 4, 45, 15, '2025-01-01 11:34:22'),
(45, 3, 31, 15, '2025-01-01 11:38:46'),
(46, 3, 39, 15, '2025-01-01 03:00:46'),
(47, 2, 4, 16, '2025-01-01 07:37:32'),
(48, 4, 17, 16, '2025-01-01 08:35:23'),
(49, 3, 14, 16, '2024-12-31 23:34:19'),
(50, 3, 7, 16, '2024-12-31 23:35:26'),
(51, 3, 35, 17, '2025-01-01 02:44:14'),
(52, 4, 78, 17, '2025-01-01 18:24:54'),
(53, 3, 39, 17, '2025-01-01 15:21:47'),
(54, 4, 14, 17, '2025-01-01 01:04:15'),
(55, 1, 66, 17, '2025-01-01 10:45:55'),
(56, 5, 31, 17, '2025-01-01 06:06:49'),
(57, 2, 74, 18, '2025-01-01 01:46:22'),
(58, 3, 64, 18, '2025-01-01 18:01:23'),
(59, 3, 1, 18, '2025-01-01 16:17:48'),
(60, 2, 61, 18, '2025-01-01 06:54:53'),
(61, 2, 17, 18, '2025-01-01 13:11:00'),
(62, 2, 34, 19, '2025-01-01 00:40:23'),
(63, 5, 81, 19, '2025-01-01 15:18:53'),
(64, 4, 14, 19, '2025-01-01 06:03:19'),
(65, 4, 19, 20, '2025-01-01 11:49:55'),
(66, 1, 36, 20, '2025-01-01 20:29:39'),
(67, 5, 82, 20, '2024-12-31 22:28:32'),
(68, 1, 17, 20, '2025-01-01 06:23:43'),
(69, 4, 18, 21, '2025-01-01 16:03:00'),
(70, 4, 38, 21, '2025-01-01 16:33:53'),
(71, 1, 40, 21, '2025-01-01 14:10:22'),
(72, 4, 64, 21, '2025-01-01 00:40:15'),
(73, 5, 1, 21, '2025-01-01 12:20:07'),
(74, 1, 4, 22, '2025-01-01 15:09:52'),
(75, 5, 1, 22, '2025-01-01 18:18:57'),
(76, 3, 47, 22, '2025-01-01 01:35:12'),
(77, 5, 4, 22, '2025-01-01 04:29:10'),
(78, 3, 73, 23, '2024-12-31 21:10:13'),
(79, 3, 59, 24, '2024-12-31 23:53:37'),
(80, 4, 50, 24, '2025-01-01 11:27:24'),
(81, 5, 65, 24, '2025-01-01 13:06:11'),
(82, 1, 89, 25, '2025-01-01 10:38:42'),
(83, 1, 18, 25, '2025-01-01 17:25:00'),
(84, 4, 60, 25, '2025-01-01 10:38:54'),
(85, 1, 63, 25, '2025-01-01 04:29:30'),
(86, 3, 11, 25, '2025-01-01 18:00:49'),
(87, 5, 77, 25, '2025-01-01 08:05:37'),
(88, 2, 86, 26, '2025-01-01 13:55:38'),
(89, 3, 70, 27, '2025-01-01 00:51:17'),
(90, 2, 95, 28, '2025-01-01 13:59:35'),
(91, 1, 53, 28, '2024-12-31 22:54:02'),
(92, 1, 81, 28, '2025-01-01 04:01:26'),
(93, 2, 26, 28, '2025-01-01 02:55:05'),
(94, 5, 80, 28, '2025-01-01 06:01:08'),
(95, 1, 66, 29, '2025-01-01 00:50:26'),
(96, 3, 55, 29, '2025-01-01 13:38:44'),
(97, 3, 91, 30, '2024-12-31 21:12:24'),
(98, 2, 4, 31, '2024-12-31 20:35:49'),
(99, 5, 91, 31, '2025-01-01 18:51:51'),
(100, 1, 62, 31, '2025-01-01 12:01:50'),
(101, 5, 26, 31, '2025-01-01 07:03:37'),
(102, 2, 22, 32, '2025-01-01 02:42:38'),
(103, 1, 40, 32, '2025-01-01 19:52:17'),
(104, 3, 26, 32, '2024-12-31 22:43:30'),
(105, 3, 97, 32, '2025-01-01 09:30:42'),
(106, 3, 94, 33, '2025-01-01 06:52:59'),
(107, 1, 52, 33, '2025-01-01 09:22:50'),
(108, 5, 70, 33, '2025-01-01 05:45:13'),
(109, 3, 62, 33, '2025-01-01 04:07:38'),
(110, 1, 82, 33, '2025-01-01 06:52:29'),
(111, 5, 30, 34, '2025-01-01 01:29:33'),
(112, 1, 31, 34, '2025-01-01 14:20:19'),
(113, 3, 54, 35, '2024-12-31 22:42:55'),
(114, 5, 14, 35, '2025-01-01 02:03:39'),
(115, 3, 95, 35, '2025-01-01 17:39:29'),
(116, 1, 55, 35, '2025-01-01 13:36:31'),
(117, 3, 28, 35, '2025-01-01 18:34:06'),
(118, 3, 87, 36, '2025-01-01 07:30:57'),
(119, 2, 18, 36, '2025-01-01 09:22:27'),
(120, 5, 76, 36, '2025-01-01 03:49:27'),
(121, 3, 50, 36, '2025-01-01 18:29:55'),
(122, 5, 90, 36, '2025-01-01 12:31:14'),
(123, 3, 24, 37, '2025-01-01 10:36:25'),
(124, 3, 8, 37, '2025-01-01 18:58:25'),
(125, 4, 84, 37, '2025-01-01 18:32:51'),
(126, 5, 43, 37, '2025-01-01 15:18:58'),
(127, 1, 48, 37, '2025-01-01 00:26:20'),
(128, 5, 74, 37, '2025-01-01 07:44:46'),
(129, 4, 40, 38, '2025-01-01 16:54:48'),
(130, 2, 26, 38, '2025-01-01 16:49:44'),
(131, 3, 98, 38, '2025-01-01 12:54:18'),
(132, 3, 99, 38, '2025-01-01 17:32:17'),
(133, 2, 56, 38, '2025-01-01 04:28:33'),
(134, 2, 56, 38, '2024-12-31 21:15:55'),
(135, 5, 38, 39, '2025-01-01 00:23:58'),
(136, 4, 18, 39, '2025-01-01 13:42:02'),
(137, 1, 25, 39, '2024-12-31 22:48:17'),
(138, 1, 72, 39, '2025-01-01 04:25:20'),
(139, 2, 32, 40, '2025-01-01 05:11:49'),
(140, 3, 67, 41, '2025-01-01 16:13:08'),
(141, 5, 46, 41, '2024-12-31 21:00:10'),
(142, 5, 43, 42, '2025-01-01 11:51:29'),
(143, 1, 71, 42, '2024-12-31 23:46:54'),
(144, 1, 33, 42, '2025-01-01 14:50:02'),
(145, 1, 78, 43, '2025-01-01 06:19:31'),
(146, 5, 65, 43, '2025-01-01 14:37:27'),
(147, 3, 88, 43, '2025-01-01 09:38:43'),
(148, 4, 66, 43, '2025-01-01 07:51:15'),
(149, 1, 87, 43, '2025-01-01 13:50:05'),
(150, 4, 13, 43, '2025-01-01 01:06:41'),
(151, 2, 23, 44, '2025-01-01 15:33:10'),
(152, 3, 71, 44, '2025-01-01 05:55:48'),
(153, 5, 95, 44, '2025-01-01 10:29:31'),
(154, 1, 75, 44, '2025-01-01 14:10:12'),
(155, 1, 30, 44, '2025-01-01 18:52:28'),
(156, 2, 90, 45, '2025-01-01 07:21:45'),
(157, 1, 19, 45, '2025-01-01 07:41:21'),
(158, 1, 63, 45, '2025-01-01 19:51:28'),
(159, 5, 2, 45, '2025-01-01 07:43:20'),
(160, 5, 36, 45, '2025-01-01 06:32:17'),
(161, 3, 1, 45, '2025-01-01 13:01:24'),
(162, 4, 55, 46, '2025-01-01 01:00:11'),
(163, 2, 15, 46, '2025-01-01 17:26:44'),
(164, 4, 11, 46, '2025-01-01 15:43:05'),
(165, 4, 54, 46, '2025-01-01 05:45:16'),
(166, 4, 12, 46, '2025-01-01 09:07:05'),
(167, 3, 35, 47, '2025-01-01 07:49:36'),
(168, 4, 63, 47, '2025-01-01 15:16:46'),
(169, 1, 37, 47, '2025-01-01 08:25:02'),
(170, 2, 32, 47, '2024-12-31 23:44:51'),
(171, 2, 62, 47, '2025-01-01 00:59:12'),
(172, 5, 33, 48, '2025-01-01 09:11:26'),
(173, 5, 74, 49, '2024-12-31 22:29:34'),
(174, 4, 97, 49, '2025-01-01 16:23:34'),
(175, 3, 98, 49, '2025-01-01 17:59:07'),
(176, 5, 49, 49, '2025-01-01 20:14:56'),
(177, 1, 80, 49, '2025-01-01 02:47:18'),
(178, 4, 52, 49, '2025-01-01 04:41:41'),
(179, 4, 30, 50, '2025-01-01 18:36:35'),
(180, 2, 34, 50, '2025-01-01 10:27:50'),
(181, 5, 22, 50, '2024-12-31 23:59:25'),
(182, 5, 91, 51, '2025-01-01 20:03:38'),
(183, 2, 21, 51, '2025-01-01 07:49:56'),
(184, 4, 72, 51, '2025-01-01 06:28:44'),
(185, 1, 30, 52, '2025-01-01 12:23:55'),
(186, 1, 38, 52, '2024-12-31 22:03:23'),
(187, 4, 54, 52, '2025-01-01 04:35:10'),
(188, 3, 92, 52, '2025-01-01 08:15:40'),
(189, 1, 27, 53, '2025-01-01 07:02:53'),
(190, 3, 67, 54, '2025-01-01 13:57:24'),
(191, 1, 25, 54, '2025-01-01 04:08:21'),
(192, 5, 98, 55, '2025-01-01 06:19:32'),
(193, 4, 22, 55, '2024-12-31 22:42:40'),
(194, 5, 28, 55, '2025-01-01 02:04:45'),
(195, 2, 83, 55, '2025-01-01 17:45:46'),
(196, 3, 80, 56, '2025-01-01 14:04:32'),
(197, 5, 43, 57, '2024-12-31 20:35:26'),
(198, 1, 40, 57, '2025-01-01 16:13:35'),
(199, 3, 64, 58, '2024-12-31 22:51:35'),
(200, 3, 3, 58, '2024-12-31 21:07:12'),
(201, 2, 4, 58, '2025-01-01 16:31:13'),
(202, 2, 10, 58, '2024-12-31 22:44:31'),
(203, 2, 62, 59, '2025-01-01 19:38:57'),
(204, 5, 47, 59, '2025-01-01 09:31:10');

-- --------------------------------------------------------

--
-- Table structure for table `orders`
--

CREATE TABLE IF NOT EXISTS `orders` (
  `id` int(11) NOT NULL AUTO_INCREMENT,
  `total_price` decimal(10,2) NOT NULL DEFAULT 0.00,
  `created_at` timestamp NOT NULL DEFAULT current_timestamp(),
  PRIMARY KEY (`id`)
) ENGINE=InnoDB AUTO_INCREMENT=60 DEFAULT CHARSET=utf8mb4 COLLATE=utf8mb4_general_ci;

--
-- Dumping data for table `orders`
--

INSERT INTO `orders` (`id`, `total_price`, `created_at`) VALUES
(1, 290.94, '2025-01-01 06:44:45'),
(2, 270.02, '2025-01-01 03:54:50'),
(3, 130.76, '2025-01-01 02:49:59'),
(4, 142.65, '2025-01-01 05:55:22'),
(5, 267.45, '2025-01-01 00:36:56'),
(6, 206.17, '2025-01-01 12:48:33'),
(7, 68.65, '2025-01-01 17:41:58'),
(8, 267.46, '2025-01-01 05:34:13'),
(9, 83.22, '2025-01-01 02:15:09'),
(10, 403.87, '2024-12-31 22:03:08'),
(11, 391.33, '2025-01-01 11:00:12'),
(12, 123.71, '2025-01-01 16:21:36'),
(13, 330.56, '2025-01-01 04:17:24'),
(14, 145.48, '2024-12-31 23:52:14'),
(15, 117.35, '2025-01-01 13:58:57'),
(16, 400.09, '2025-01-01 01:48:06'),
(17, 104.27, '2025-01-01 18:33:38'),
(18, 477.00, '2025-01-01 18:53:54'),
(19, 356.91, '2025-01-01 18:18:37'),
(20, 375.06, '2025-01-01 14:21:23'),
(21, 316.05, '2025-01-01 20:21:04'),
(22, 117.58, '2025-01-01 14:11:10'),
(23, 264.37, '2025-01-01 13:22:40'),
(24, 124.37, '2025-01-01 03:49:51'),
(25, 381.66, '2025-01-01 06:31:13'),
(26, 254.29, '2025-01-01 00:36:34'),
(27, 266.48, '2025-01-01 10:59:10'),
(28, 495.64, '2025-01-01 08:36:09'),
(29, 457.63, '2025-01-01 13:33:14'),
(30, 302.53, '2024-12-31 21:27:44'),
(31, 298.43, '2024-12-31 22:08:59'),
(32, 316.32, '2025-01-01 01:51:43'),
(33, 129.45, '2025-01-01 18:21:41'),
(34, 249.91, '2025-01-01 17:43:15'),
(35, 133.96, '2025-01-01 13:01:12'),
(36, 458.92, '2025-01-01 15:26:15'),
(37, 100.94, '2025-01-01 17:37:38'),
(38, 369.65, '2024-12-31 21:19:28'),
(39, 138.37, '2025-01-01 09:14:27'),
(40, 460.07, '2025-01-01 09:43:50'),
(41, 74.57, '2025-01-01 00:25:49'),
(42, 193.20, '2025-01-01 00:27:38'),
(43, 244.07, '2025-01-01 04:30:43'),
(44, 413.42, '2025-01-01 00:40:41'),
(45, 281.28, '2025-01-01 17:21:16'),
(46, 427.68, '2025-01-01 16:14:19'),
(47, 274.85, '2025-01-01 08:37:46'),
(48, 211.82, '2024-12-31 21:55:56'),
(49, 61.90, '2025-01-01 15:16:21'),
(50, 404.89, '2025-01-01 14:03:56'),
(51, 410.56, '2025-01-01 04:00:39'),
(52, 351.81, '2025-01-01 05:21:28'),
(53, 495.64, '2025-01-01 18:15:22'),
(54, 432.46, '2025-01-01 06:42:27'),
(55, 455.77, '2025-01-01 06:16:09'),
(56, 77.84, '2025-01-01 14:43:23'),
(57, 151.21, '2025-01-01 10:18:30'),
(58, 253.08, '2025-01-01 10:52:23'),
(59, 251.66, '2025-01-01 02:56:25');

-- --------------------------------------------------------

--
-- Table structure for table `products`
--

CREATE TABLE IF NOT EXISTS `products` (
  `id` int(11) NOT NULL AUTO_INCREMENT,
  `title` varchar(255) NOT NULL,
  `created_at` timestamp NOT NULL DEFAULT current_timestamp(),
  PRIMARY KEY (`id`)
) ENGINE=InnoDB AUTO_INCREMENT=100 DEFAULT CHARSET=utf8mb4 COLLATE=utf8mb4_general_ci;

--
-- Dumping data for table `products`
--

INSERT INTO `products` (`id`, `title`, `created_at`) VALUES
(1, 'yes', '2025-01-01 10:35:53'),
(2, 'art', '2025-01-01 03:43:10'),
(3, 'size', '2025-01-01 14:18:14'),
(4, 'him', '2025-01-01 15:51:37'),
(5, 'civil', '2025-01-01 15:53:26'),
(6, 'soldier', '2025-01-01 11:22:20'),
(7, 'lay', '2025-01-01 12:41:21'),
(8, 'sign', '2025-01-01 08:49:47'),
(9, 'best', '2025-01-01 09:34:53'),
(10, 'medical', '2025-01-01 00:55:03'),
(11, 'present', '2025-01-01 03:20:36'),
(12, 'raise', '2025-01-01 17:27:53'),
(13, 'add', '2025-01-01 08:47:38'),
(14, 'win', '2025-01-01 19:04:32'),
(15, 'present', '2025-01-01 00:29:45'),
(16, 'another', '2024-12-31 20:45:10'),
(17, 'realize', '2025-01-01 09:46:35'),
(18, 'ask', '2025-01-01 14:07:27'),
(19, 'say', '2024-12-31 20:47:31'),
(20, 'eight', '2025-01-01 17:05:15'),
(21, 'billion', '2025-01-01 02:33:42'),
(22, 'quickly', '2025-01-01 13:02:43'),
(23, 'current', '2025-01-01 13:02:31'),
(24, 'benefit', '2025-01-01 05:34:28'),
(25, 'federal', '2025-01-01 16:14:46'),
(26, 'paper', '2025-01-01 20:00:26'),
(27, 'their', '2025-01-01 06:47:52'),
(28, 'appear', '2025-01-01 01:28:02'),
(29, 'current', '2025-01-01 14:26:37'),
(30, 'animal', '2024-12-31 23:19:00'),
(31, 'boy', '2025-01-01 04:45:10'),
(32, 'seat', '2025-01-01 05:18:48'),
(33, 'product', '2025-01-01 15:48:30'),
(34, 'audience', '2025-01-01 18:36:09'),
(35, 'large', '2025-01-01 01:05:13'),
(36, 'find', '2025-01-01 01:07:39'),
(37, 'drive', '2025-01-01 05:52:35'),
(38, 'require', '2025-01-01 05:30:00'),
(39, 'return', '2025-01-01 13:22:14'),
(40, 'hard', '2025-01-01 05:51:13'),
(41, 'ability', '2025-01-01 16:39:23'),
(42, 'spring', '2024-12-31 21:13:14'),
(43, 'inside', '2025-01-01 11:38:04'),
(44, 'task', '2024-12-31 22:00:38'),
(45, 'feel', '2025-01-01 06:38:58'),
(46, 'nor', '2025-01-01 18:42:55'),
(47, 'much', '2025-01-01 05:07:43'),
(48, 'past', '2024-12-31 20:59:50'),
(49, 'decision', '2024-12-31 21:06:03'),
(50, 'interest', '2024-12-31 22:00:47'),
(51, 'season', '2025-01-01 02:15:43'),
(52, 'service', '2024-12-31 20:46:16'),
(53, 'law', '2025-01-01 04:34:12'),
(54, 'series', '2025-01-01 12:02:11'),
(55, 'not', '2025-01-01 01:58:19'),
(56, 'middle', '2025-01-01 01:15:05'),
(57, 'step', '2025-01-01 03:50:26'),
(58, 'top', '2025-01-01 18:56:56'),
(59, 'notice', '2025-01-01 14:43:21'),
(60, 'politics', '2025-01-01 20:15:57'),
(61, 'once', '2025-01-01 12:39:45'),
(62, 'old', '2025-01-01 06:00:55'),
(63, 'wind', '2025-01-01 19:35:19'),
(64, 'film', '2025-01-01 11:23:51'),
(65, 'relationship', '2025-01-01 01:43:17'),
(66, 'wish', '2025-01-01 01:54:55'),
(67, 'win', '2025-01-01 07:54:42'),
(68, 'large', '2025-01-01 13:18:46'),
(69, 'charge', '2024-12-31 22:19:44'),
(70, 'edge', '2025-01-01 03:12:25'),
(71, 'probably', '2025-01-01 00:32:50'),
(72, 'middle', '2024-12-31 20:36:57'),
(73, 'indeed', '2025-01-01 08:56:16'),
(74, 'side', '2025-01-01 10:20:30'),
(75, 'cup', '2025-01-01 04:23:42'),
(76, 'southern', '2025-01-01 18:27:02'),
(77, 'hair', '2025-01-01 10:34:03'),
(78, 'term', '2025-01-01 00:59:09'),
(79, 'identify', '2025-01-01 00:43:38'),
(80, 'lead', '2025-01-01 04:10:43'),
(81, 'air', '2024-12-31 22:12:41'),
(82, 'particularly', '2025-01-01 06:01:15'),
(83, 'source', '2025-01-01 14:58:16'),
(84, 'still', '2025-01-01 12:17:33'),
(85, 'majority', '2025-01-01 20:03:00'),
(86, 'charge', '2025-01-01 18:52:19'),
(87, 'small', '2025-01-01 13:42:37'),
(88, 'art', '2025-01-01 15:26:09'),
(89, 'reflect', '2025-01-01 15:32:53'),
(90, 'air', '2025-01-01 10:55:57'),
(91, 'mean', '2025-01-01 11:31:08'),
(92, 'rich', '2025-01-01 04:17:50'),
(93, 'stage', '2025-01-01 14:25:48'),
(94, 'citizen', '2025-01-01 14:45:28'),
(95, 'national', '2025-01-01 09:59:58'),
(96, 'arrive', '2025-01-01 09:13:26'),
(97, 'mind', '2025-01-01 19:37:17'),
(98, 'challenge', '2025-01-01 01:56:08'),
(99, 'physical', '2025-01-01 02:18:49');
COMMIT;

/*!40101 SET CHARACTER_SET_CLIENT=@OLD_CHARACTER_SET_CLIENT */;
/*!40101 SET CHARACTER_SET_RESULTS=@OLD_CHARACTER_SET_RESULTS */;
/*!40101 SET COLLATION_CONNECTION=@OLD_COLLATION_CONNECTION */;
